Count, Probability_1, Probability_2, Probability_3,
10,0.00000,20.00000,20.00000, 
100,15.00000,6.00000,13.00000, 
1000,11.90000,11.90000,12.50000, 
10000,11.60000,12.27000,12.52000, 
100000,12.04900,12.06100,12.25900, 
1000000,12.16000,12.14950,12.14660, 
10000000,12.13316,12.15369,12.17129, 
100000000,12.16059,12.15940,12.15675, 
