Count,Probability,Actual,
1,0.000E+00,3.81470E-06,
10,0.000E+00,3.81470E-06,
100,0.000E+00,3.81470E-06,
1000,0.000E+00,3.81470E-06,
10000,5.00E-06,3.81470E-06,
100000,3.00E-06,3.81470E-06,
1000000,3.650E-06,3.81470E-06,
10000000,3.865E-06,3.81470E-06,
100000000,3.790E-06,3.81470E-06,
