count, actual, probability1, errorPercentage1, errorPercentage1, probability2, errorPercentage2, errorPercentage2, probability3, errorPercentage3, errorPercentage3,
10,0.002143347,0.000000,100,100.000%,0.000000,100,100.000%,0.000000,100,100.000%, 
100,0.002143347,0.000000,100,100.000%,0.000000,100,100.000%,0.000000,100,100.000%, 
1000,0.002143347,0.000000,100,100.000%,0.000000,100,100.000%,0.000000,100,100.000%, 
10000,0.002143347,0.000000,100,100.000%,0.000000,100,100.000%,0.000000,100,100.000%, 
100000,0.002143347,0.004000,86.624,86.624%,0.002000,6.688,6.688%,0.005000,133.28,133.280%, 
1000000,0.002143347,0.001500,30.016,30.016%,0.002000,6.688,6.688%,0.002500,16.64,16.640%, 
10000000,0.002143347,0.002140,0.156,0.156%,0.002160,0.777,0.777%,0.002090,2.489,2.489%, 
100000000,0.002143347,0.002139,0.203,0.203%,0.002158,0.684,0.684%,0.002146,0.124,0.124%, 
