Count,Probability,Actual,
1,0.000E+00,2.44140625E-04,
10,0.000E+00,2.44140625E-04,
100,0.000E+00,2.44140625E-04,
1000,4.000E-04,2.44140625E-04,
10000,2.200E-04,2.44140625E-04,
100000,2.350E-04,2.44140625E-04,
1000000,2.460E-04,2.44140625E-04,
10000000,2.453E-04,2.44140625E-04,
100000000,2.444E-04,2.44140625E-04,
