Count,Posibility,Actual,
1,0.000E+00,3.814697E-06,
10,0.000E+00,3.814697E-06,
100,0.000E+00,3.814697E-06,
1000,0.000E+00,3.814697E-06,
10000,1.000E-05,3.814697E-06,
100000,3.000E-06,3.814697E-06,
1000000,3.000E-06,3.814697E-06,
10000000,3.630E-06,3.814697E-06,
100000000,3.881E-06,3.814697E-06,
