count, actual, probability1, errorPercentage1, errorPercentage1, probability2, errorPercentage2, errorPercentage2, probability3, errorPercentage3, errorPercentage3,
10, 0.0244140625, 0.0000000000, 100.000, 100.000%, 0.0000000000, 100.000, 100.000%, 0.0000000000, 100.000, 100.000%, 
100, 0.0244140625, 0.0000000000, 100.000, 100.000%, 0.0000000000, 100.000, 100.000%, 0.0000000000, 100.000, 100.000%, 
1000, 0.0244140625, 0.0000000000, 100.000, 100.000%, 0.0000000000, 100.000, 100.000%, 0.1000000000, 309.600, 309.600%, 
10000, 0.0244140625, 0.0400000000, 63.840, 63.840%, 0.0100000000, 59.040, 59.040%, 0.0400000000, 63.840, 63.840%, 
100000, 0.0244140625, 0.0160000000, 34.464, 34.464%, 0.0300000000, 22.880, 22.880%, 0.0270000000, 10.592, 10.592%, 
1000000, 0.0244140625, 0.0243000000, 0.467, 0.467%, 0.0250000000, 2.400, 2.400%, 0.0273000000, 11.821, 11.821%, 
10000000, 0.0244140625, 0.0250300000, 2.523, 2.523%, 0.0243600000, 0.221, 0.221%, 0.0245000000, 0.352, 0.352%, 
100000000, 0.0244140625, 0.0245240000, 0.450, 0.450%, 0.0243720000, 0.172, 0.172%, 0.0246590000, 1.003, 1.003%, 
