Count,Probability,Actual,
1,0.0000E+00,2.143347E-05,
10,0.0000E+00,2.143347E-05,
100,5.0000E-04,2.143347E-05,
1000,5.0000E-05,2.143347E-05,
10000,2.5000E-05,2.143347E-05,
100000,2.0000E-05,2.143347E-05,
1000000,2.2350E-05,2.143347E-05,
10000000,2.1560E-05,2.143347E-05,
100000000,2.1367E-05,2.143347E-05,
