Count,Probability,Actual,
1,0.000E+00,8.49986E-06,
10,0.000E+00,8.49986E-06,
100,0.000E+00,8.49986E-06,
1000,0.000E+00,8.49986E-06,
10000,1.00E-05,8.49986E-06,
100000,1.05E-05,8.49986E-06,
1000000,8.850E-06,8.49986E-06,
10000000,8.620E-06,8.49986E-06,
100000000,8.355E-06,8.49986E-06,
