count, actual, probability1, errorPercentage1, errorPercentage1, probability2, errorPercentage2, errorPercentage2, probability3, errorPercentage3, errorPercentage3,
10, 0.0021433471, 0.0000000000, 100.000, 100.000%, 0.0000000000, 100.000, 100.000%, 0.0000000000, 100.000, 100.000%, 
100, 0.0021433471, 0.0000000000, 100.000, 100.000%, 0.0000000000, 100.000, 100.000%, 0.0000000000, 100.000, 100.000%, 
1000, 0.0021433471, 0.0000000000, 100.000, 100.000%, 0.0000000000, 100.000, 100.000%, 0.0000000000, 100.000, 100.000%, 
10000, 0.0021433471, 0.0000000000, 100.000, 100.000%, 0.0000000000, 100.000, 100.000%, 0.0000000000, 100.000, 100.000%, 
100000, 0.0021433471, 0.0040000000, 86.624, 86.624%, 0.0020000000, 6.688, 6.688%, 0.0050000000, 133.280, 133.280%, 
1000000, 0.0021433471, 0.0015000000, 30.016, 30.016%, 0.0020000000, 6.688, 6.688%, 0.0025000000, 16.640, 16.640%, 
10000000, 0.0021433471, 0.0021400000, 0.156, 0.156%, 0.0021600000, 0.777, 0.777%, 0.0020900000, 2.489, 2.489%, 
100000000, 0.0021433471, 0.0021390000, 0.203, 0.203%, 0.0021580000, 0.684, 0.684%, 0.0021460000, 0.124, 0.124%, 
