Count, Probability,
1,0.20000000,
10,0.24000000,
100,0.25200000,
1000,0.25600000,
10000,0.24825000,
100000,0.24667600,
1000000,0.24760320,
10000000,0.24703802,
100000000,0.24707661,