Count,Probability,Actual
10,0.19,0.24609375
100,0.25,0.24609375
1000,0.2454,0.24609375
10000,0.24751,0.24609375
100000,0.246138,0.24609375
1000000,0.246377,0.24609375
10000000,0.246107,0.24609375
100000000,0.246109,0.24609375
